"habitat","area"
"wetlands",74835.2959268327
"rice",219081.961
"corn",245610.124
"other",830293.438
"seas",67849.126889379
"perm",6986.16984682625
"corn_north",105613.297
