"habitat","value","lcl","ucl"
"rice",104949.218690142,66586.2713621979,165414.555858797
"seas",186601.920456824,97946.3091677537,355503.714372103
"perm",186601.920456824,97946.3091677537,355503.714372103
"corn",104949.218690142,66586.2713621979,165414.555858797
"other",104949.218690142,66586.2713621979,165414.555858797
"corn_north",104949.218690142,66586.2713621979,165414.555858797
