group,br_fall,br_spring,whep_fall,whep_vardd,incentives,label
2013-14,0,5112.689395079266,104.40905687865482,23940.32334432731,29157.42179628523,total
2014-15,2565.186895437049,1643.3730883479857,137.5933307703203,26587.12692984764,30933.280244402995,total
2015-16,2823.636303277109,2830.1344156355476,19.424940814633455,14372.128447421139,20045.32410714843,total
2016-17,1748.762025929285,1340.1382137645537,161.5507577750349,7602.853847554685,10853.304845023558,total
2013-14,0,227013.6120258739,4489.589445782158,1157310.6795088055,1388813.8809804614,accessible
2014-15,57642.32368589008,67694.51651976717,3990.206592339289,1092705.1876385582,1222032.2344365548,accessible
2015-16,62468.64648891138,148484.0868040369,563.3232836243702,732620.661044925,944136.7176214976,accessible
2016-17,43211.355677259606,61717.306747040726,4684.971975476012,387556.222587401,497169.8569871773,accessible
