year,jan_a,jan_b,feb_a,feb_b,mar_a,mar_b,apr_a,aug_b,sep_a,sep_b,oct_a,oct_b
2014,0,0,9616.86881582962,9616.86881582962,4710.61910364507,1398.32228738131,0,0,581.8715855506,1402.732190184,802.5984371804,1813.97447578022
2015,1772.19588257805,1772.19588257805,4060.85706996229,3230.5352756082902,2034.62283412357,43.76032591951,0,387.919134886,501.75045429499994,974.3842778006,2465.1390138652,2237.3196679631
2016,0,0,6993.40364775622,6993.40364775622,5763.29678460922,1566.29092961812,32.336906604,0,0,0,0,0
2017,0,0,3311.5485331229,3311.5485331229,1781.8211177888,385.651690981,0,673.9176395301,1509.3918940205,835.4742544904,975.0312694204,975.0312694204
2018,0,0,0,0,0,0,0,0,876.723381151,2151.1845293878,1274.4611482368,0
